claim_id,material_claim,theorem_or_definition,checker_or_test,raw_evidence,paper_location,maturity,boundary,fresh_recheck
J1,Fixed positive-Horn closure is upward closed in selected origins,Lemma: closure monotonicity; proofs/joint.md Sections 1-2,tests/test_joint.py; src/joint.py closure,joint-oracle-cases.jsonl,Section 3,proved; finite-checked,Rules and fact supports remain fixed,2026-09-25 staged complete-project and standalone clean runs passed; final delivered archives checked in external audit
J2,Antichain propagation terminates on every finite input,Theorem: termination; proofs/joint.md Theorem 1,test_unproductive_cycle_terminates; test_frontier_cap_covers_fact_initialization,tests.log,Section 4,proved; unit-checked,"Defensive frontier cap is operational, not part of proof",2026-09-25 staged complete-project and standalone clean runs passed; final delivered archives checked in external audit
J3,Every retained support has a valid Horn derivation,Theorem: derivational soundness; proofs/joint.md Theorem 2,independent certificate consumer; proof mutation tests,joint-replay.json; joint-certificates/,Section 4,proved; replayed,"Trusts declared facts/rules, not their real-world truth",2026-09-25 staged complete-project and standalone clean runs passed; final delivered archives checked in external audit
J4,Every inclusion-minimal proof support appears in the fixed-point frontier,Lemma: fixed-point subset representative; Theorem: completeness; proofs/joint.md Lemma 3 and Theorem 4,full-frontier Cartesian regression; 825 exact/oracle comparisons,joint-oracle-instances.jsonl; joint-oracle-cases.jsonl; joint-oracle-summary.json; tests.log,Section 4,proved; differential finite-check,Finite ground positive Horn only,2026-09-25 staged complete-project and standalone clean runs passed; final delivered archives checked in external audit
J5,Pairwise union of opposed minimal-support frontiers returns a global weighted optimum,Corollary: exact joint optimum; proofs/joint.md Corollary 5,bit-mask brute-force oracle,joint-oracle-instances.jsonl; joint-oracle-cases.jsonl; joint-public-cases.jsonl,Sections 4 and 6,proved; 825 oracle cases and 27 public positive cases finite-checked,Nonnegative integer origin weights,2026-09-25 staged complete-project and standalone clean runs passed; final delivered archives checked in external audit
J6,"Decision version is NP-complete with unit costs, acyclic binary-body rules, and a one-origin proof on one side",SET COVER reduction; proofs/joint.md Theorem 6,reduction construction reviewed; family/unit tests,proofs/joint.md,Section 4,proved,Classical polynomial reduction; no implementation-hardness benchmark,2026-09-25 staged complete-project and standalone clean runs passed; final delivered archives checked in external audit
J7,"After exact one-side minima are available, their union has a tight factor-two cost bound",Charging proof and tight family; proofs/joint.md Theorems 7-8,test_independent_side_bound; test_two_approximation_family_is_tight; joint theory campaign,joint-theory.csv; joint-theory-summary.json,Sections 4 and 6; Figure 3,proved; finite-checked to k=128,Exact one-side minimization may itself be NP-hard; nonnegative additive costs,2026-09-25 staged complete-project and standalone clean runs passed; final delivered archives checked in external audit
J8,Fixed-order one-pass deletion is inclusion-minimal under fixed semantics but has unbounded ratio,Upward-closure proof and adverse family; proofs/joint.md Theorem 9,test_deletion_returns_inclusion_minimal_but_not_minimum,joint-theory.csv; joint-theory-summary.json,Sections 4 and 6; Figure 3,proved; finite-checked to n=128,Order-dependent; not a statement about re-mined semantics,2026-09-25 staged complete-project and standalone clean runs passed; final delivered archives checked in external audit
B1,Re-mining a threshold after deletion can hide a valid singleton and has unbounded local/global gap,proofs/selection.md S1-S2,legacy producer and independent replay,pilot.json; certificate-remined.json; family.csv,Section 2,proved in stipulated threshold model; finite-checked,Moving predicate; not the main Horn objective,2026-09-25 staged complete-project and standalone clean runs passed; final delivered archives checked in external audit
B2,"The re-mined two-support global optimum is a shared singleton, an opposite pair at threshold <= 1/2, or none",proofs/selection.md S3,closed-form checker; exhaustive populations,population-*.csv; summary.json,Section 2,proved; exhaustive within population bound,Negative model-collapse result,2026-09-25 staged complete-project and standalone clean runs passed; final delivered archives checked in external audit
E1,Weighted small-instance solver agrees with exhaustive optimization,Definition of oracle strata,src/joint_benchmark.py; independent bit-mask closure oracle; full-frontier Cartesian regression,joint-oracle-instances.jsonl; joint-oracle-cases.jsonl; joint-oracle-summary.json; tests.log,Section 6; Table 5,825 deterministic cases; full problem definitions retained; 0 exact/oracle discrepancies,4-14 origins; generated finite graphs,2026-09-25 staged complete-project and standalone clean runs passed; final delivered archives checked in external audit
E2,Public-source certificate mechanics replay on 27 bridge-dependent positives and 18 true bridge-ablation/single-side controls,Source/replay contract,replay_joint.py; tests/test_joint.py source-contract and mutation suite,joint-public-cases.jsonl; joint-certificates/; joint-replay.json; tests.log,Sections 5-6; Tables 6-7,finite-checked,Controlled seeded belief graphs; not real defect labels,2026-09-25 staged complete-project and standalone clean runs passed; final delivered archives checked in external audit
E3,"Controlled frontier family reaches 65,536 candidate pairs at 256 alternatives per side",Scaling-family definition,src/joint_benchmark.py scaling,joint-scaling.csv; joint-scaling-summary.json,Section 6; Figure 4,measured deterministic count,Not repository-scale throughput,2026-09-25 staged complete-project and standalone clean runs passed; final delivered archives checked in external audit
R1,All 85 deterministic scientific outputs regenerate byte for byte from clean archives,Reproduction contract,reproduce.py output/dependency validation; resume deletion/corruption tests; expected-files.json,clean-reproduction.json; final clean output comparison.json,Section 6,clean-reproduced,Timing/logs excluded; manuscript tables are separately regenerated and byte-checked by paper/build.py; success is not independent replication,2026-09-25 staged complete-project and standalone clean runs passed; final delivered archives checked in external audit
N1,The artifact does not establish actual defect discovery or complete C semantics,Scope/nonclaim,negative controls; manifest; manuscript threats,inputs/public/manifest.json; docs/threats-and-interpretation.md,"Abstract; Sections 1, 6, 8",explicit nonclaim,Public excerpts are text hosts and controlled seeds,2026-09-25 staged complete-project and standalone clean runs passed; final delivered archives checked in external audit
N2,Separate consumer is not external independent review,Scope/nonclaim,joint replay status field,joint-replay.json,Sections 5-6,explicit nonclaim,Same research process; no independent human replication,2026-09-25 staged complete-project and standalone clean runs passed; final delivered archives checked in external audit
