name,url,license,access_date,resource_type,acquisition_method,integration_mode,supported_claim,internals_modified,evidence_extent
Engler et al. 2001 (SIGOPS record),https://doi.org/10.1145/502059.502041,publisher copyright; not redistributed,2026-09-18,scholarly article,publisher/author-hosted full text and metadata,citation only,historical belief and contradiction definitions,no,full substantive paper; dual ACM proceedings record also verified as 10.1145/502034.502041
Zeller and Hildebrandt 2002,https://doi.org/10.1109/32.988498,publisher copyright; not redistributed,2026-09-18,scholarly article,full-paper calibration,citation only,global/local/n-minimal reduction guarantees,no,full-paper calibration set
Green et al. 2007,https://doi.org/10.1145/1265530.1265535,publisher copyright; not redistributed,2026-09-18,scholarly article,full-paper calibration,citation only,alternative and shared provenance derivations,no,full-paper calibration set
Liffiton and Sakallah 2008,https://doi.org/10.1007/s10817-007-9084-z,publisher copyright; not redistributed,2026-09-18,scholarly article,full-paper calibration,citation only,MUS algorithms and core-minimality comparison,no,full-paper calibration set
Ren et al. 2025,https://doi.org/10.1145/3705305,publisher copyright; not redistributed,2026-09-18,TOSEM research article,publisher metadata/full-paper calibration,citation only,validity-preserving reduction comparison,no,same-venue calibration set
Yu et al. 2024,https://doi.org/10.1145/3664809,publisher copyright; not redistributed,2026-09-18,TOSEM research article,publisher full text,citation only,formal subset-minimal prediction explanations,no,same-venue calibration set; article 187 pages 1-31 verified
CosFL 2026,https://doi.org/10.1145/3757915,publisher copyright; not redistributed,2026-09-18,TOSEM research article,publisher full text and author metadata,citation only,current fault-localization evaluation scale,no,same-venue calibration set; volume 35 issue 5 article 124 pages 1-32 verified
Smallest witnesses 2026,https://doi.org/10.1145/3786785,CC BY-NC-ND 4.0 article; not redistributed,2026-09-18,TODS research article,publisher full text,citation only,recent smallest query-witness frontier,no,volume 51 issue 4 article 24 pages 1-31 verified
cJSON v1.7.17/v1.7.18,https://github.com/DaveGamble/cJSON,MIT; notice retained,2026-09-18,public source snapshots,GitHub tagged files/patch inspection,exact excerpts and license retained,source anchor/change endpoint replay,no,cJSON_SetValuestring excerpt and NULL-guard change
inih r58/r59,https://github.com/benhoyt/inih,BSD-3-Clause; notice retained,2026-09-18,public source snapshots,GitHub tagged files inspection,exact excerpts and license retained,source anchor/change endpoint replay,no,ini_parse_stream excerpt and overlong-line handling change
mjson 1.2.6/1.2.7,https://github.com/cesanta/mjson,MIT; notice retained,2026-09-18,public source snapshots,GitHub tagged files and PR 39 patch inspection,exact excerpts and license retained,source anchor/change endpoint replay,no,mjson_print_dbl excerpt and loop-condition change
Supplied acmart class and bibliography style,https://www.acm.org/publications/authors/submissions,LPPL 1.3c / supplied notices,2026-09-18,publisher template assets,matched user upload inspected,unmodified copy in paper only,initial-draft layout,no,live upstream/template agreement not freshly certified
TOSEM author guide,https://dl.acm.org/journal/tosem/author-guidelines,ACM website,2026-09-18,official rules,live access attempted,not integrated,external-use readiness only,no,access blocked; stored brief not represented as fresh verification
ACM submissions/authorship policy,https://www.acm.org/publications/authors/submissions,ACM website,2026-09-18,official policy,live access attempted,not integrated,external-use readiness only,no,human recheck required before any submission
