family,parameter,optimum,baseline,ratio,inclusion_minimal
two-approx-tight,2,3,4,1.3333333333333333,
two-approx-tight,3,4,6,1.5,
two-approx-tight,4,5,8,1.6,
two-approx-tight,8,9,16,1.7777777777777777,
two-approx-tight,16,17,32,1.8823529411764706,
two-approx-tight,32,33,64,1.9393939393939394,
two-approx-tight,64,65,128,1.9692307692307693,
two-approx-tight,128,129,256,1.9844961240310077,
deletion-gap,2,1,2,2.0,True
deletion-gap,3,1,3,3.0,True
deletion-gap,4,1,4,4.0,True
deletion-gap,8,1,8,8.0,True
deletion-gap,16,1,16,16.0,True
deletion-gap,32,1,32,32.0,True
deletion-gap,64,1,64,64.0,True
deletion-gap,128,1,128,128.0,True
