population,n,threshold,mode,full_valid,optimum_size,singlepass_size,repeat_size,singlepass_one_minimal,repeat_inclusion_minimal,full_one_minimal,full_inclusion_minimal,subset_count,oracle_agrees,closed_form_size,truth_vector
1,1,1/2,remined,0,,,,,,,,2,1,,00
1,1,1/2,pinned,0,,,,,,,,2,1,,00
1,1,2/3,remined,0,,,,,,,,2,1,,00
1,1,2/3,pinned,0,,,,,,,,2,1,,00
1,1,3/4,remined,0,,,,,,,,2,1,,00
1,1,3/4,pinned,0,,,,,,,,2,1,,00
1,1,4/5,remined,0,,,,,,,,2,1,,00
1,1,4/5,pinned,0,,,,,,,,2,1,,00
1,1,1/1,remined,0,,,,,,,,2,1,,00
1,1,1/1,pinned,0,,,,,,,,2,1,,00
2,1,1/2,remined,0,,,,,,,,2,1,,00
2,1,1/2,pinned,0,,,,,,,,2,1,,00
2,1,2/3,remined,0,,,,,,,,2,1,,00
2,1,2/3,pinned,0,,,,,,,,2,1,,00
2,1,3/4,remined,0,,,,,,,,2,1,,00
2,1,3/4,pinned,0,,,,,,,,2,1,,00
2,1,4/5,remined,0,,,,,,,,2,1,,00
2,1,4/5,pinned,0,,,,,,,,2,1,,00
2,1,1/1,remined,0,,,,,,,,2,1,,00
2,1,1/1,pinned,0,,,,,,,,2,1,,00
3,1,1/2,remined,1,1,1,1,1,1,1,1,2,1,1,01
3,1,1/2,pinned,1,1,1,1,1,1,1,1,2,1,1,01
3,1,2/3,remined,1,1,1,1,1,1,1,1,2,1,1,01
3,1,2/3,pinned,1,1,1,1,1,1,1,1,2,1,1,01
3,1,3/4,remined,1,1,1,1,1,1,1,1,2,1,1,01
3,1,3/4,pinned,1,1,1,1,1,1,1,1,2,1,1,01
3,1,4/5,remined,1,1,1,1,1,1,1,1,2,1,1,01
3,1,4/5,pinned,1,1,1,1,1,1,1,1,2,1,1,01
3,1,1/1,remined,1,1,1,1,1,1,1,1,2,1,1,01
3,1,1/1,pinned,1,1,1,1,1,1,1,1,2,1,1,01
